{
    "$schema": "https://ui.shadcn.com/schema.json",
    "style": "new-york",
    "rsc": false,
    "tsx": true,
    "tailwind": {
      "config": "tailwind.config.js",
      "css": "renderer/src/assets/index.css",
      "baseColor": "zinc",
      "cssVariables": true,
      "prefix": ""
    },
    "aliases": {
      "components": "@renderer/components",
      "utils": "@renderer/lib/utils",
      "ui": "@renderer/components/ui",
      "lib": "@renderer/lib",
      "hooks": "@renderer/hooks"
    },
    "iconLibrary": "lucide"
  }