[
    {
        "x": 185.0078125,
        "y": 279
    },
    {
        "x": 410.0078125,
        "y": 275
    },
    {
        "x": 621.0078125,
        "y": 272
    },
    {
        "x": 631.0078125,
        "y": 464
    },
    {
        "x": 626.0078125,
        "y": 679
    },
    {
        "x": 428.0078125,
        "y": 682
    },
    {
        "x": 213.0078125,
        "y": 688
    },
    {
        "x": 197.0078125,
        "y": 504
    },
    {
        "x": 189.0078125,
        "y": 288
    },
    {
        "x": 417.0078125,
        "y": 286
    },
    {
        "x": 617.0078125,
        "y": 275
    },
    {
        "x": 636.0078125,
        "y": 474
    },
    {
        "x": 631.0078125,
        "y": 690
    },
    {
        "x": 431.0078125,
        "y": 694
    },
    {
        "x": 216.0078125,
        "y": 702
    },
    {
        "x": 195.0078125,
        "y": 519
    },
    {
        "x": 180.0078125,
        "y": 272
    }
]