[
    {
        "x": 222.0078125,
        "y": 186
    },
    {
        "x": 390.0078125,
        "y": 241
    },
    {
        "x": 514.0078125,
        "y": 258
    },
    {
        "x": 589.0078125,
        "y": 298
    },
    {
        "x": 627.0078125,
        "y": 377
    },
    {
        "x": 651.0078125,
        "y": 464
    },
    {
        "x": 628.0078125,
        "y": 546
    },
    {
        "x": 600.0078125,
        "y": 629
    },
    {
        "x": 522.0078125,
        "y": 691
    },
    {
        "x": 443.0078125,
        "y": 697
    },
    {
        "x": 380.0078125,
        "y": 697
    },
    {
        "x": 296.0078125,
        "y": 673
    },
    {
        "x": 243.0078125,
        "y": 636
    },
    {
        "x": 211.0078125,
        "y": 578
    },
    {
        "x": 199.0078125,
        "y": 522
    },
    {
        "x": 204.0078125,
        "y": 467
    },
    {
        "x": 225.0078125,
        "y": 416
    },
    {
        "x": 261.0078125,
        "y": 344
    },
    {
        "x": 301.0078125,
        "y": 292
    },
    {
        "x": 334.0078125,
        "y": 255
    },
    {
        "x": 391.0078125,
        "y": 237
    }
]