[
    {
        "x": 132.0078125,
        "y": 115
    },
    {
        "x": 174.0078125,
        "y": 150
    },
    {
        "x": 230.0078125,
        "y": 204
    },
    {
        "x": 255.0078125,
        "y": 231
    },
    {
        "x": 268.0078125,
        "y": 250
    },
    {
        "x": 265.0078125,
        "y": 318
    },
    {
        "x": 262.0078125,
        "y": 404
    },
    {
        "x": 262.0078125,
        "y": 490
    },
    {
        "x": 264.0078125,
        "y": 600
    },
    {
        "x": 259.0078125,
        "y": 682
    },
    {
        "x": 276.0078125,
        "y": 714
    },
    {
        "x": 411.0078125,
        "y": 716
    },
    {
        "x": 481.0078125,
        "y": 716
    },
    {
        "x": 560.0078125,
        "y": 717
    },
    {
        "x": 614.0078125,
        "y": 718
    },
    {
        "x": 536.0078125,
        "y": 720
    },
    {
        "x": 416.0078125,
        "y": 714
    },
    {
        "x": 366.0078125,
        "y": 714
    },
    {
        "x": 298.0078125,
        "y": 710
    },
    {
        "x": 274.0078125,
        "y": 654
    },
    {
        "x": 274.0078125,
        "y": 557
    },
    {
        "x": 275.0078125,
        "y": 480
    },
    {
        "x": 323.0078125,
        "y": 461
    },
    {
        "x": 402.0078125,
        "y": 464
    },
    {
        "x": 507.0078125,
        "y": 471
    },
    {
        "x": 569.0078125,
        "y": 472
    },
    {
        "x": 589.0078125,
        "y": 474
    },
    {
        "x": 457.0078125,
        "y": 470
    },
    {
        "x": 340.0078125,
        "y": 465
    },
    {
        "x": 274.0078125,
        "y": 469
    },
    {
        "x": 274.0078125,
        "y": 367
    },
    {
        "x": 274.0078125,
        "y": 275
    },
    {
        "x": 278.0078125,
        "y": 246
    },
    {
        "x": 351.0078125,
        "y": 247
    },
    {
        "x": 425.0078125,
        "y": 249
    },
    {
        "x": 505.0078125,
        "y": 249
    },
    {
        "x": 551.0078125,
        "y": 251
    },
    {
        "x": 594.0078125,
        "y": 252
    }
]