[
    {
        "x": 150.0078125,
        "y": 153
    },
    {
        "x": 196.0078125,
        "y": 205
    },
    {
        "x": 215.0078125,
        "y": 262
    },
    {
        "x": 216.0078125,
        "y": 357
    },
    {
        "x": 211.0078125,
        "y": 466
    },
    {
        "x": 211.0078125,
        "y": 544
    },
    {
        "x": 212.0078125,
        "y": 610
    },
    {
        "x": 207.0078125,
        "y": 700
    },
    {
        "x": 225.0078125,
        "y": 636
    },
    {
        "x": 217.0078125,
        "y": 537
    },
    {
        "x": 228.0078125,
        "y": 485
    },
    {
        "x": 267.0078125,
        "y": 474
    },
    {
        "x": 343.0078125,
        "y": 455
    },
    {
        "x": 417.0078125,
        "y": 412
    },
    {
        "x": 468.0078125,
        "y": 367
    },
    {
        "x": 526.0078125,
        "y": 293
    },
    {
        "x": 560.0078125,
        "y": 256
    },
    {
        "x": 549.0078125,
        "y": 280
    },
    {
        "x": 483.0078125,
        "y": 377
    },
    {
        "x": 413.0078125,
        "y": 435
    },
    {
        "x": 382.0078125,
        "y": 462
    },
    {
        "x": 419.0078125,
        "y": 492
    },
    {
        "x": 453.0078125,
        "y": 525
    },
    {
        "x": 484.0078125,
        "y": 578
    },
    {
        "x": 514.0078125,
        "y": 621
    },
    {
        "x": 552.0078125,
        "y": 652
    },
    {
        "x": 592.0078125,
        "y": 704
    }
]