[
    {
        "x": 157.0078125,
        "y": 159
    },
    {
        "x": 222.0078125,
        "y": 214
    },
    {
        "x": 263.0078125,
        "y": 240
    },
    {
        "x": 318.0078125,
        "y": 289
    },
    {
        "x": 356.0078125,
        "y": 322
    },
    {
        "x": 395.0078125,
        "y": 353
    },
    {
        "x": 404.0078125,
        "y": 404
    },
    {
        "x": 394.0078125,
        "y": 462
    },
    {
        "x": 395.0078125,
        "y": 554
    },
    {
        "x": 395.0078125,
        "y": 616
    },
    {
        "x": 392.0078125,
        "y": 684
    },
    {
        "x": 391.0078125,
        "y": 746
    },
    {
        "x": 394.0078125,
        "y": 662
    },
    {
        "x": 395.0078125,
        "y": 577
    },
    {
        "x": 395.0078125,
        "y": 512
    },
    {
        "x": 395.0078125,
        "y": 458
    },
    {
        "x": 425.0078125,
        "y": 403
    },
    {
        "x": 426.0078125,
        "y": 370
    },
    {
        "x": 474.0078125,
        "y": 342
    },
    {
        "x": 519.0078125,
        "y": 314
    },
    {
        "x": 579.0078125,
        "y": 260
    },
    {
        "x": 614.0078125,
        "y": 213
    },
    {
        "x": 647.0078125,
        "y": 171
    },
    {
        "x": 672.0078125,
        "y": 148
    }
]