[
    {
        "x": 406.0078125,
        "y": 295
    },
    {
        "x": 404.0078125,
        "y": 548
    },
    {
        "x": 405.0078125,
        "y": 721
    },
    {
        "x": 406.0078125,
        "y": 548
    },
    {
        "x": 408.0078125,
        "y": 296
    },
    {
        "x": 406.0078125,
        "y": 547
    },
    {
        "x": 409.0078125,
        "y": 722
    },
    {
        "x": 406.0078125,
        "y": 552
    },
    {
        "x": 410.0078125,
        "y": 298
    },
    {
        "x": 410.0078125,
        "y": 546
    },
    {
        "x": 410.0078125,
        "y": 723
    },
    {
        "x": 408.0078125,
        "y": 549
    },
    {
        "x": 408.0078125,
        "y": 294
    },
    {
        "x": 413.0078125,
        "y": 550
    },
    {
        "x": 407.0078125,
        "y": 723
    },
    {
        "x": 408.0078125,
        "y": 546
    },
    {
        "x": 410.0078125,
        "y": 295
    },
    {
        "x": 410.0078125,
        "y": 551
    },
    {
        "x": 410.0078125,
        "y": 723
    },
    {
        "x": 410.0078125,
        "y": 547
    },
    {
        "x": 406.0078125,
        "y": 303
    },
    {
        "x": 410.0078125,
        "y": 547
    },
    {
        "x": 407.0078125,
        "y": 730
    },
    {
        "x": 407.0078125,
        "y": 548
    },
    {
        "x": 409.0078125,
        "y": 304
    }
]