[
    {
        "x": 205.0078125,
        "y": 196
    },
    {
        "x": 325.0078125,
        "y": 264
    },
    {
        "x": 424.0078125,
        "y": 294
    },
    {
        "x": 489.0078125,
        "y": 365
    },
    {
        "x": 539.0078125,
        "y": 457
    },
    {
        "x": 622.0078125,
        "y": 599
    },
    {
        "x": 524.0078125,
        "y": 617
    },
    {
        "x": 439.0078125,
        "y": 616
    },
    {
        "x": 348.0078125,
        "y": 613
    },
    {
        "x": 253.0078125,
        "y": 615
    },
    {
        "x": 199.0078125,
        "y": 614
    },
    {
        "x": 235.0078125,
        "y": 534
    },
    {
        "x": 273.0078125,
        "y": 476
    },
    {
        "x": 319.0078125,
        "y": 417
    },
    {
        "x": 357.0078125,
        "y": 370
    },
    {
        "x": 401.0078125,
        "y": 321
    },
    {
        "x": 424.0078125,
        "y": 295
    }
]